"p_val","avg_log2FC","pct.1","pct.2","p_val_adj","cluster","gene"
2.3993616987854e-283,2.22767503615029,0.953,0.182,7.96036230806034e-279,"0","Rpl23a-ps3"
2.29563118416513e-282,2.25476111723926,0.952,0.184,7.61621557970466e-278,"0","Gm9843"
2.07516839959513e-248,1.54477779483573,1,0.985,6.88478619933677e-244,"0","Rpl13a"
2.67264993944281e-243,2.45708134310055,0.805,0.136,8.86705070408942e-239,"0","Rpl6l"
1.82856360825683e-236,2.12766433689556,0.928,0.327,6.0666254831137e-232,"0","Rps12-ps3"
2.11366443953957e-216,1.30670455345056,0.989,0.946,7.01250451106042e-212,"0","Lamp1"
3.51504062494953e-214,2.06104965064465,0.783,0.141,1.16618502813951e-209,"0","Gm8730"
1.36905421689765e-199,1.82889615826771,0.933,0.515,4.54211117540133e-195,"0","Bri3"
5.28024513445022e-184,1.66985504992113,0.925,0.612,1.75182692825655e-179,"0","Gm10076"
5.47510153381923e-175,2.46366578412433,0.593,0.09,1.81647443587521e-170,"0","Zfas1"
2.27048331584021e-132,1.17185088901725,0.999,0.858,7.53278249696308e-128,"1","Gpnmb"
3.33383547152911e-101,1.6243008618838,0.752,0.346,1.10606659438921e-96,"1","Ahnak2"
7.9307764146358e-80,1.43956973601349,0.745,0.374,2.63119369108372e-75,"1","Cd24a"
2.22299287816308e-77,1.55780747510113,0.62,0.243,7.37522347188166e-73,"1","Cdo1"
3.27968278203686e-72,1.95374108002197,0.436,0.129,1.08810035659637e-67,"1","C77080"
6.7940297785871e-64,1.24640643448204,0.678,0.333,2.25405525964184e-59,"1","Hpse"
6.38296234770094e-59,1.88871910354517,0.381,0.119,2.11767541809674e-54,"1","Lyst"
2.2574236459107e-58,1.1922734213097,0.739,0.439,7.48945443003793e-54,"1","Psmd1"
6.12502538433033e-58,1.336626397804,0.583,0.26,2.03209967175927e-53,"1","Fabp4"
2.22063519021483e-57,1.0784358729243,0.714,0.388,7.36740137057575e-53,"1","Cd300lf"
2.15588260194031e-114,1.14495754824853,0.994,0.947,7.15257170845736e-110,"2","Lgals1"
4.67864547581859e-96,1.18468438465889,0.971,0.748,1.55223420951233e-91,"2","Capg"
2.40111235474002e-84,1.2588189640455,0.954,0.708,7.96617045932098e-80,"2","Calr"
3.68789018549218e-79,1.13584053503298,0.987,0.936,1.22353132684074e-74,"2","Lgals3"
1.14633920060982e-76,1.02879344112063,0.96,0.808,3.80320956586318e-72,"2","Pkm"
1.66631384160236e-69,1.0543154923934,0.92,0.7,5.52832943228415e-65,"2","Pgam1"
6.17806479667932e-64,1.00741196700147,0.931,0.731,2.0496965575943e-59,"2","Ldha"
8.04349316664882e-62,1.28671549351039,0.851,0.495,2.66858972789908e-57,"2","Pdia6"
6.21031167258246e-61,1.01570760567736,0.925,0.72,2.06039510361268e-56,"2","Rnh1"
1.88977879256622e-57,1.56340298483709,0.996,0.979,6.26971910009693e-53,"2","Spp1"
1.98145714432561e-49,1.36679653624235,0.674,0.343,6.57388036772907e-45,"3","Tmem119"
6.7738781272331e-48,1.21705613216181,0.692,0.353,2.24736954627212e-43,"3","Vps28"
6.67157956846178e-44,1.25371747891735,0.634,0.312,2.21342995342856e-39,"3","Ppfia4"
2.35728967960688e-43,1.14514155976148,0.721,0.408,7.82077997003173e-39,"3","Tmem176b"
2.34120966765025e-35,1.54823287860475,0.493,0.241,7.76743131436323e-31,"3","Pnp"
4.26860576428147e-33,1.27848780403277,0.475,0.224,1.41619533441566e-28,"3","Rasgef1b"
8.80655199792059e-28,1.19771489535883,0.397,0.17,2.92174975635012e-23,"3","Ptgs1"
8.86516483965226e-28,1.02220865602486,0.562,0.31,2.94119573885143e-23,"3","Tmem176a"
1.62234852625514e-23,1.07682538216327,0.438,0.224,5.38246570555669e-19,"3","Tmcc3"
1.63142429460412e-19,1.00327421934901,0.355,0.17,5.41257638220808e-15,"3","Fgd2"
2.12706886033549e-123,3.43629857521384,0.858,0.272,7.05697635793506e-119,"4","Sparc"
1.32822753329649e-99,2.12840618449513,0.984,0.629,4.40666048721777e-95,"4","Cd81"
1.67234399256949e-97,3.77457810941616,0.368,0.035,5.54833566414778e-93,"4","Tspan7"
1.05643900139572e-87,3.37003928191697,0.66,0.18,3.50494767493059e-83,"4","Cst7"
5.65384818897956e-83,1.36837342727217,1,1,1.87577721365775e-78,"4","Cst3"
9.67173348488412e-76,2.16348240457389,0.763,0.266,3.20879101828e-71,"4","Pmp22"
2.44780257453882e-72,2.71455422954795,0.672,0.224,8.12107460154745e-68,"4","Serpine2"
8.69998249388259e-71,2.78089682920064,0.391,0.059,2.88639319199543e-66,"4","Xlr"
1.33654706637831e-64,2.59368299981188,0.451,0.093,4.4342622021233e-60,"4","Cadm1"
4.69340487830544e-64,2.06138802530256,0.664,0.208,1.5571309364754e-59,"4","Gpr34"
1.01323524138851e-265,8.04018261955553,0.667,0.024,3.36161056035465e-261,"5","Plac8"
1.49436961079773e-222,5.19621834387869,0.966,0.123,4.95787005774363e-218,"5","S100a4"
1.72721403622705e-218,6.76605082358357,0.616,0.029,5.73037800799048e-214,"5","Ifitm6"
4.66593257990735e-208,6.5527221061007,0.638,0.036,1.54801645203586e-203,"5","Ly6c2"
5.41421521576051e-205,5.07328652338166,0.684,0.045,1.79627418213287e-200,"5","Ccr2"
3.13586731007393e-147,5.8951185696926,0.469,0.027,1.04038669746323e-142,"5","Mcemp1"
6.31424519478817e-139,3.86653511450467,0.864,0.165,2.09487712827487e-134,"5","Ccl9"
1.0507919355715e-138,6.11813706418114,0.599,0.062,3.48621240464556e-134,"5","Hp"
2.81145881404364e-132,4.45517345172076,1,0.373,9.32757690735259e-128,"5","S100a6"
1.46772535070589e-95,3.6371427527011,0.977,0.614,4.86947239603692e-91,"5","S100a11"
1.5901250251235e-164,9.11294291514189,0.342,0.003,5.27555779585224e-160,"6","Cd163"
8.92908161084661e-149,6.14350437536193,0.724,0.041,2.96240140603058e-144,"6","Mrc1"
3.24866324117274e-86,5.86821995053875,0.605,0.055,1.07780900352388e-81,"6","Cbr2"
1.48444935048284e-79,4.93758078550157,0.618,0.063,4.92495761009691e-75,"6","Igfbp4"
3.46899359898941e-51,4.11576229789541,0.974,0.439,1.15090800633672e-46,"6","Pf4"
1.98373790940677e-48,3.87737796793608,0.447,0.051,6.58144726203883e-44,"6","Clec4a1"
1.49078214010794e-40,4.70626746282025,0.487,0.074,4.9459679062361e-36,"6","Ccl7"
5.58633446987822e-40,3.77706745303316,0.776,0.241,1.8533781870715e-35,"6","Marcksl1"
6.45046253441548e-35,1.9108720946692,1,0.965,2.14006995504302e-30,"6","Selenop"
7.79468210352918e-31,3.7244968591596,0.697,0.256,2.58604168148788e-26,"6","Fcgrt"
